{
  "hash": "b2518ceb",
  "configHash": "b906e8f3",
  "lockfileHash": "3653bc61",
  "browserHash": "bbe1bb2d",
  "optimized": {
    "@angular/common": {
      "src": "../../../../../node_modules/@angular/common/fesm2022/common.mjs",
      "file": "@angular_common.js",
      "fileHash": "980f6eba",
      "needsInterop": false
    },
    "@angular/common/http": {
      "src": "../../../../../node_modules/@angular/common/fesm2022/http.mjs",
      "file": "@angular_common_http.js",
      "fileHash": "5885725f",
      "needsInterop": false
    },
    "@angular/core": {
      "src": "../../../../../node_modules/@angular/core/fesm2022/core.mjs",
      "file": "@angular_core.js",
      "fileHash": "e37290c1",
      "needsInterop": false
    },
    "@angular/platform-browser": {
      "src": "../../../../../node_modules/@angular/platform-browser/fesm2022/platform-browser.mjs",
      "file": "@angular_platform-browser.js",
      "fileHash": "43292b3d",
      "needsInterop": false
    },
    "@angular/router": {
      "src": "../../../../../node_modules/@angular/router/fesm2022/router.mjs",
      "file": "@angular_router.js",
      "fileHash": "fe2ba2b0",
      "needsInterop": false
    },
    "ngx-bootstrap/tooltip": {
      "src": "../../../../../node_modules/ngx-bootstrap/tooltip/fesm2022/ngx-bootstrap-tooltip.mjs",
      "file": "ngx-bootstrap_tooltip.js",
      "fileHash": "6f92dbe8",
      "needsInterop": false
    },
    "ngx-bootstrap/utils": {
      "src": "../../../../../node_modules/ngx-bootstrap/utils/fesm2022/ngx-bootstrap-utils.mjs",
      "file": "ngx-bootstrap_utils.js",
      "fileHash": "380c0740",
      "needsInterop": false
    },
    "@angular/forms": {
      "src": "../../../../../node_modules/@angular/forms/fesm2022/forms.mjs",
      "file": "@angular_forms.js",
      "fileHash": "2152fbc7",
      "needsInterop": false
    },
    "@angular/platform-browser/animations": {
      "src": "../../../../../node_modules/@angular/platform-browser/fesm2022/animations.mjs",
      "file": "@angular_platform-browser_animations.js",
      "fileHash": "2999cff0",
      "needsInterop": false
    },
    "ngx-bootstrap/dropdown": {
      "src": "../../../../../node_modules/ngx-bootstrap/dropdown/fesm2022/ngx-bootstrap-dropdown.mjs",
      "file": "ngx-bootstrap_dropdown.js",
      "fileHash": "ca7128b4",
      "needsInterop": false
    },
    "rxjs": {
      "src": "../../../../../node_modules/rxjs/dist/esm5/index.js",
      "file": "rxjs.js",
      "fileHash": "d6f5c39b",
      "needsInterop": false
    }
  },
  "chunks": {
    "chunk-DMK3HTJK": {
      "file": "chunk-DMK3HTJK.js"
    },
    "chunk-POOWEVMB": {
      "file": "chunk-POOWEVMB.js"
    },
    "chunk-3WMFICLZ": {
      "file": "chunk-3WMFICLZ.js"
    },
    "chunk-XRITUABC": {
      "file": "chunk-XRITUABC.js"
    },
    "chunk-YUMQBUAD": {
      "file": "chunk-YUMQBUAD.js"
    },
    "chunk-5ISGQFDG": {
      "file": "chunk-5ISGQFDG.js"
    },
    "chunk-ML362HUG": {
      "file": "chunk-ML362HUG.js"
    },
    "chunk-VTNXGOQG": {
      "file": "chunk-VTNXGOQG.js"
    }
  }
}